--
-- PostgreSQL database dump
--

-- Dumped from database version 16.4 (Homebrew)
-- Dumped by pg_dump version 16.4 (Homebrew)

SET statement_timeout = 0;
SET lock_timeout = 0;
SET idle_in_transaction_session_timeout = 0;
SET client_encoding = 'UTF8';
SET standard_conforming_strings = on;
SELECT pg_catalog.set_config('search_path', '', false);
SET check_function_bodies = false;
SET xmloption = content;
SET client_min_messages = warning;
SET row_security = off;

SET default_tablespace = '';

SET default_table_access_method = heap;

--
-- Name: cart; Type: TABLE; Schema: public; Owner: janaina
--

CREATE TABLE public.cart (
    id bigint NOT NULL,
    user_id bigint
);


ALTER TABLE public.cart OWNER TO janaina;

--
-- Name: cart_id_seq; Type: SEQUENCE; Schema: public; Owner: janaina
--

ALTER TABLE public.cart ALTER COLUMN id ADD GENERATED BY DEFAULT AS IDENTITY (
    SEQUENCE NAME public.cart_id_seq
    START WITH 1
    INCREMENT BY 1
    NO MINVALUE
    NO MAXVALUE
    CACHE 1
);


--
-- Name: cart_item; Type: TABLE; Schema: public; Owner: janaina
--

CREATE TABLE public.cart_item (
    id bigint NOT NULL,
    added_at timestamp(6) without time zone,
    quantity integer NOT NULL,
    cart_id bigint,
    product_id bigint
);


ALTER TABLE public.cart_item OWNER TO janaina;

--
-- Name: cart_item_id_seq; Type: SEQUENCE; Schema: public; Owner: janaina
--

ALTER TABLE public.cart_item ALTER COLUMN id ADD GENERATED BY DEFAULT AS IDENTITY (
    SEQUENCE NAME public.cart_item_id_seq
    START WITH 1
    INCREMENT BY 1
    NO MINVALUE
    NO MAXVALUE
    CACHE 1
);


--
-- Name: categories; Type: TABLE; Schema: public; Owner: janaina
--

CREATE TABLE public.categories (
    id bigint NOT NULL,
    name character varying(255) NOT NULL
);


ALTER TABLE public.categories OWNER TO janaina;

--
-- Name: categories_id_seq; Type: SEQUENCE; Schema: public; Owner: janaina
--

ALTER TABLE public.categories ALTER COLUMN id ADD GENERATED BY DEFAULT AS IDENTITY (
    SEQUENCE NAME public.categories_id_seq
    START WITH 1
    INCREMENT BY 1
    NO MINVALUE
    NO MAXVALUE
    CACHE 1
);


--
-- Name: order_items; Type: TABLE; Schema: public; Owner: janaina
--

CREATE TABLE public.order_items (
    id bigint NOT NULL,
    quantity integer NOT NULL,
    order_id bigint,
    product_id bigint
);


ALTER TABLE public.order_items OWNER TO janaina;

--
-- Name: order_items_id_seq; Type: SEQUENCE; Schema: public; Owner: janaina
--

ALTER TABLE public.order_items ALTER COLUMN id ADD GENERATED BY DEFAULT AS IDENTITY (
    SEQUENCE NAME public.order_items_id_seq
    START WITH 1
    INCREMENT BY 1
    NO MINVALUE
    NO MAXVALUE
    CACHE 1
);


--
-- Name: orders; Type: TABLE; Schema: public; Owner: janaina
--

CREATE TABLE public.orders (
    id bigint NOT NULL,
    order_date timestamp(6) without time zone,
    points_earned integer NOT NULL,
    status character varying(255) NOT NULL,
    user_id bigint,
    address_line character varying(255),
    city character varying(255),
    state character varying(255),
    zip_code character varying(255),
    CONSTRAINT orders_status_check CHECK (((status)::text = ANY ((ARRAY['PENDING'::character varying, 'ONGOING'::character varying, 'SENT'::character varying, 'DELIVERED'::character varying, 'CANCELLED'::character varying])::text[])))
);


ALTER TABLE public.orders OWNER TO janaina;

--
-- Name: orders_id_seq; Type: SEQUENCE; Schema: public; Owner: janaina
--

ALTER TABLE public.orders ALTER COLUMN id ADD GENERATED BY DEFAULT AS IDENTITY (
    SEQUENCE NAME public.orders_id_seq
    START WITH 1
    INCREMENT BY 1
    NO MINVALUE
    NO MAXVALUE
    CACHE 1
);


--
-- Name: products; Type: TABLE; Schema: public; Owner: janaina
--

CREATE TABLE public.products (
    id bigint NOT NULL,
    color_name character varying(255) NOT NULL,
    description text,
    image_url character varying(600) NOT NULL,
    name character varying(255) NOT NULL,
    price numeric(38,2) NOT NULL,
    stock integer NOT NULL,
    category_id bigint,
    sales integer
);


ALTER TABLE public.products OWNER TO janaina;

--
-- Name: products_id_seq; Type: SEQUENCE; Schema: public; Owner: janaina
--

ALTER TABLE public.products ALTER COLUMN id ADD GENERATED BY DEFAULT AS IDENTITY (
    SEQUENCE NAME public.products_id_seq
    START WITH 1
    INCREMENT BY 1
    NO MINVALUE
    NO MAXVALUE
    CACHE 1
);


--
-- Name: rewards; Type: TABLE; Schema: public; Owner: janaina
--

CREATE TABLE public.rewards (
    id bigint NOT NULL,
    discount_percentage double precision NOT NULL,
    points_required integer NOT NULL
);


ALTER TABLE public.rewards OWNER TO janaina;

--
-- Name: rewards_id_seq; Type: SEQUENCE; Schema: public; Owner: janaina
--

ALTER TABLE public.rewards ALTER COLUMN id ADD GENERATED BY DEFAULT AS IDENTITY (
    SEQUENCE NAME public.rewards_id_seq
    START WITH 1
    INCREMENT BY 1
    NO MINVALUE
    NO MAXVALUE
    CACHE 1
);


--
-- Name: roles; Type: TABLE; Schema: public; Owner: janaina
--

CREATE TABLE public.roles (
    id integer NOT NULL,
    name character varying(20),
    CONSTRAINT roles_name_check CHECK (((name)::text = ANY ((ARRAY['ROLE_GUEST'::character varying, 'ROLE_USER'::character varying, 'ROLE_ADMIN'::character varying])::text[])))
);


ALTER TABLE public.roles OWNER TO janaina;

--
-- Name: roles_id_seq; Type: SEQUENCE; Schema: public; Owner: janaina
--

ALTER TABLE public.roles ALTER COLUMN id ADD GENERATED BY DEFAULT AS IDENTITY (
    SEQUENCE NAME public.roles_id_seq
    START WITH 1
    INCREMENT BY 1
    NO MINVALUE
    NO MAXVALUE
    CACHE 1
);


--
-- Name: users; Type: TABLE; Schema: public; Owner: janaina
--

CREATE TABLE public.users (
    id bigint NOT NULL,
    email character varying(255) NOT NULL,
    first_name character varying(255),
    is_account_non_expired boolean NOT NULL,
    is_account_non_locked boolean NOT NULL,
    is_credentials_non_expired boolean NOT NULL,
    is_enabled boolean NOT NULL,
    last_name character varying(255),
    password character varying(255) NOT NULL,
    phone_no character varying(255),
    username character varying(32) NOT NULL,
    role_id integer
);


ALTER TABLE public.users OWNER TO janaina;

--
-- Name: users_seq; Type: SEQUENCE; Schema: public; Owner: janaina
--

CREATE SEQUENCE public.users_seq
    START WITH 1
    INCREMENT BY 50
    NO MINVALUE
    NO MAXVALUE
    CACHE 1;


ALTER SEQUENCE public.users_seq OWNER TO janaina;

--
-- Name: wishlist; Type: TABLE; Schema: public; Owner: janaina
--

CREATE TABLE public.wishlist (
    id bigint NOT NULL,
    user_id bigint
);


ALTER TABLE public.wishlist OWNER TO janaina;

--
-- Name: wishlist_id_seq; Type: SEQUENCE; Schema: public; Owner: janaina
--

ALTER TABLE public.wishlist ALTER COLUMN id ADD GENERATED BY DEFAULT AS IDENTITY (
    SEQUENCE NAME public.wishlist_id_seq
    START WITH 1
    INCREMENT BY 1
    NO MINVALUE
    NO MAXVALUE
    CACHE 1
);


--
-- Name: wishlist_item; Type: TABLE; Schema: public; Owner: janaina
--

CREATE TABLE public.wishlist_item (
    id bigint NOT NULL,
    product_id bigint,
    wishlist_id bigint
);


ALTER TABLE public.wishlist_item OWNER TO janaina;

--
-- Name: wishlist_item_id_seq; Type: SEQUENCE; Schema: public; Owner: janaina
--

ALTER TABLE public.wishlist_item ALTER COLUMN id ADD GENERATED BY DEFAULT AS IDENTITY (
    SEQUENCE NAME public.wishlist_item_id_seq
    START WITH 1
    INCREMENT BY 1
    NO MINVALUE
    NO MAXVALUE
    CACHE 1
);


--
-- Data for Name: cart; Type: TABLE DATA; Schema: public; Owner: janaina
--

COPY public.cart (id, user_id) FROM stdin;
\.


--
-- Data for Name: cart_item; Type: TABLE DATA; Schema: public; Owner: janaina
--

COPY public.cart_item (id, added_at, quantity, cart_id, product_id) FROM stdin;
\.


--
-- Data for Name: categories; Type: TABLE DATA; Schema: public; Owner: janaina
--

COPY public.categories (id, name) FROM stdin;
1	Smartphones
2	Earphones
3	Computers
4	Watches
5	Bananas
6	Gaming
\.


--
-- Data for Name: order_items; Type: TABLE DATA; Schema: public; Owner: janaina
--

COPY public.order_items (id, quantity, order_id, product_id) FROM stdin;
\.


--
-- Data for Name: orders; Type: TABLE DATA; Schema: public; Owner: janaina
--

COPY public.orders (id, order_date, points_earned, status, user_id, address_line, city, state, zip_code) FROM stdin;
\.


--
-- Data for Name: products; Type: TABLE DATA; Schema: public; Owner: janaina
--

COPY public.products (id, color_name, description, image_url, name, price, stock, category_id, sales) FROM stdin;
41	Starlight	Apple Watch SE 2nd Gen helps you become more fit, health conscious and alert. Stay in touch with others, keep track of your training life, see where your journey is going and monitor your heart rate at all times.	https://opencdn.vn/img/92ed528af275ba880c63aebf57371270b89f3eec625ff10e824d63c43ceac8aeffb721c464ab8c6352c818ad9a1a7a4c0325423f20f8d0df76108b595c15b3c09580f97fac96cd37ccde37416aae23e921a6c8e4714abb145c84697c193e58b13b34db2ce66969a0e97591fe9f1102262586c0c355feba8b2724ab0fe7eb4db84716f8bcc98b2c9a38bbc622ae80dfd240c0b43243d64716.jpg?mime=jpg	Apple Watch SE (2nd Gen)	269.99	80	4	0
42	Silver	Apple Watch SE 2nd Gen helps you become more fit, health conscious and alert. Stay in touch with others, keep track of your training life, see where your journey is going and monitor your heart rate at all times.	https://opencdn.vn/img/92ed528af275ba880c63aebf57371270b89f3eec625ff10e824d63c43ceac8aeffb721c464ab8c6352c818ad9a1a7a4c82bec03178dc926f129da975f7fd03689580f97fac96cd37ccde37416aae23e921a6c8e4714abb145c84697c193e58b1b087ec79d21f8702730d4b7341e4020606dd36e70ce235ed19773c123d2b0cc771538f5a47c04fd433b96494ea04ee82.jpg?mime=jpg	Apple Watch SE (2nd Gen)	269.99	70	4	0
43	Midnight	Apple Watch SE 2nd Gen helps you become more fit, health conscious and alert. Stay in touch with others, keep track of your training life, see where your journey is going and monitor your heart rate at all times.	https://opencdn.vn/img/92ed528af275ba880c63aebf57371270b89f3eec625ff10e824d63c43ceac8aeffb721c464ab8c6352c818ad9a1a7a4c94260446fcb38651834c3b085418b0b89580f97fac96cd37ccde37416aae23e921a6c8e4714abb14d34123c3b0d45743486b6c2ee4da77652b5fd5233c50eaf9a8131d64caef2f3acc2c91a1b202a3ce582cece81d9b208744a48656746a0e7af5c404d9df95a2f8.jpg?mime=jpg	Apple Watch SE (2nd Gen)	269.99	83	4	0
44	Black	The Apple Watch Series 10 comes with a larger screen surface while being thinner and brighter than ever. It also provides new customization options, comprehensive health tracking and features designed to support your lifestyle.	https://opencdn.vn/img/92ed528af275ba880c63aebf57371270b89f3eec625ff10e824d63c43ceac8aeffb721c464ab8c6352c818ad9a1a7a4ca91150c25d81f791b27a981ac70203509580f97fac96cd379cbd7671692664e5e75d8c4a8e9294a694ea1874d970bf81661abd7e9cc657f4803c6ea02e573e24bb7c0c4247e6f9723b5209a465d262adfd163cfe8169c55b1b10381322c2f36ebafd2fe13325b15a.jpg?mime=jpg	Apple Watch S10	999.99	80	4	0
45	Gold	The Apple Watch Series 10 comes with a larger screen surface while being thinner and brighter than ever. It also provides new customization options, comprehensive health tracking and features designed to support your lifestyle.	https://opencdn.vn/img/92ed528af275ba880c63aebf57371270b89f3eec625ff10e824d63c43ceac8aeffb721c464ab8c6352c818ad9a1a7a4c9bcedf0e3b2170c1ccd68f41258996549580f97fac96cd379cbd7671692664e5e75d8c4a8e9294a67662b8418c2969c2419813f1469765a762e08e826184a0eac7890b9abd80f6a31282894263cdb6ad263912999b73ed3d0b543dceff671a45bf3f8529fe7fb7b9.jpg?mime=jpg	Apple Watch S10	999.99	80	4	0
46	Silver	The Apple Watch Series 10 comes with a larger screen surface while being thinner and brighter than ever. It also provides new customization options, comprehensive health tracking and features designed to support your lifestyle.	https://opencdn.vn/img/92ed528af275ba880c63aebf57371270b89f3eec625ff10e824d63c43ceac8aeffb721c464ab8c6352c818ad9a1a7a4c41b7776e2189038d768457a184f38ca09580f97fac96cd379cbd7671692664e5e75d8c4a8e9294a6e7b43e096194e858181887eb3ab03c1d04fb84e421e3352f7d26946aac76fdb5e850fd3585e954ec19773c123d2b0cc771538f5a47c04fd433b96494ea04ee82.jpg?mime=jpg	Apple Watch S10	999.99	80	4	0
48	Rose Gold	The Apple Watch Series 10 comes with a larger screen surface while being thinner and brighter than ever. It also provides new customization options, comprehensive health tracking and features designed to support your lifestyle.	https://opencdn.vn/img/92ed528af275ba880c63aebf57371270b89f3eec625ff10e824d63c43ceac8aeffb721c464ab8c6352c818ad9a1a7a4cb23295dc6ea2251b066f70edf03adff29580f97fac96cd379cbd7671692664e5e75d8c4a8e9294a60dbcdb6211ad7ac715f77e57b93c15e70e14aa55a735d3f6495bf9117dac75eefd163cfe8169c55b1b10381322c2f36ebafd2fe13325b15a.jpg?mime=jpg	Apple Watch S10	999.99	80	4	0
47	Blue	The Apple Watch Series 10 comes with a larger screen surface while being thinner and brighter than ever. It also provides new customization options, comprehensive health tracking and features designed to support your lifestyle.	https://opencdn.vn/img/92ed528af275ba880c63aebf57371270b89f3eec625ff10e824d63c43ceac8aeffb721c464ab8c6352c818ad9a1a7a4c222224abd97580a50def2ed0c085a11b9580f97fac96cd379cbd7671692664e5aadfcb323b9a8751784866626baabf5c5d9ea945dc62307162be355f4f578e61bf5d4dd1baed544019773c123d2b0cc771538f5a47c04fd433b96494ea04ee82.jpg?mime=jpg	Apple Watch S10	749.99	80	4	0
1	Black	The iPhone 15 smartphone has an impressive 48Mpx main camera with a Photonic engine, powerful A16 Bionic processor and 5G data connection. Large battery and multiple charging options guarantee a long-lasting user experience.	https://opencdn.vn/img/92ed528af275ba880c63aebf57371270b89f3eec625ff10e824d63c43ceac8aeffb721c464ab8c632e415f1ea9e0be83dd71aa7feec5b5377e8a4484bdf3e258eb54fe426248335ca93edfc2f1ac89e9ba090be58e8ce0697aeb26c140955fa4b2f2408277b47e707b60bfdf82aa98443a4a2547b5dd54fd.jpg?mime=jpg	iPhone 15	1099.99	80	1	0
2	Green	The iPhone 15 smartphone has an impressive 48Mpx main camera with a Photonic engine, powerful A16 Bionic processor and 5G data connection. Large battery and multiple charging options guarantee a long-lasting user experience.	https://opencdn.vn/img/92ed528af275ba880c63aebf57371270b89f3eec625ff10e824d63c43ceac8aeffb721c464ab8c632e415f1ea9e0be833cf7de5a8c0ab52c7a2f2d221971588beb54fe426248335ca93edfc2f1ac89e9ba090be58e8ce069025740143fd0f9dbb11c474dbe2fcd710690b98563ea60a540c0b43243d64716.jpg?mime=jpg	iPhone 15	1099.99	50	1	0
3	Yellow	The iPhone 15 smartphone has an impressive 48Mpx main camera with a Photonic engine, powerful A16 Bionic processor and 5G data connection. Large battery and multiple charging options guarantee a long-lasting user experience.	https://opencdn.vn/img/92ed528af275ba880c63aebf57371270b89f3eec625ff10e824d63c43ceac8aeffb721c464ab8c632e415f1ea9e0be83671b9753c5eaeca20b3ff6492b7a2edceb54fe426248335ca93edfc2f1ac89e9ba090be58e8ce06909e4d041bff1132ca6c42b91f2fb8e15aaf33f527412a2b38f9b25fcfb40fb99.jpg?mime=jpg	iPhone 15	1099.99	60	1	0
4	Pink	The iPhone 15 smartphone has an impressive 48Mpx main camera with a Photonic engine, powerful A16 Bionic processor and 5G data connection. Large battery and multiple charging options guarantee a long-lasting user experience.	https://opencdn.vn/img/92ed528af275ba880c63aebf57371270b89f3eec625ff10e824d63c43ceac8aeffb721c464ab8c632e415f1ea9e0be83dc6e54155bec261d01a0c4f8f271a73beb54fe426248335ca93edfc2f1ac89e9ba090be58e8ce069e01c89818d17b5601fed59b0f901636e0690b98563ea60a540c0b43243d64716.jpg?mime=jpg	iPhone 15	1099.99	30	1	0
5	Black Titanium	The iPhone 16 Pro smartphone is equipped with super capable Apple Intelligence, pro-grade triple camera array and incredibly powerful A18 Pro processor. Large battery and multiple charging options guarantee a long-lasting experience.	https://opencdn.vn/img/92ed528af275ba880c63aebf57371270b89f3eec625ff10e824d63c43ceac8aeffb721c464ab8c6352c818ad9a1a7a4c758d38f051bd48aab69aa116efaf52627618ef5f067014a696bd1deb4cbc9432e7e645de5b581af92f868ffd35fb43f5c5d99f8f3c7c58adc1e8610f72ab565cfd163cfe8169c55b8aec2d0721ca226abafd2fe13325b15a.jpg?mime=jpg	iPhone 16 Pro	1299.99	20	1	0
6	Natural Titanium	The iPhone 16 Pro smartphone is equipped with super capable Apple Intelligence, pro-grade triple camera array and incredibly powerful A18 Pro processor. Large battery and multiple charging options guarantee a long-lasting experience.	https://opencdn.vn/img/92ed528af275ba880c63aebf57371270b89f3eec625ff10e824d63c43ceac8aeffb721c464ab8c6352c818ad9a1a7a4cc0fadc27e1aff78ec18e739e7b0e80747618ef5f067014a696bd1deb4cbc9432e7e645de5b581af92f868ffd35fb43f540452f29f9d2c598661abd7e9cc657f4b6391c8f6b22c96daaf33f527412a2b38f9b25fcfb40fb99.jpg?mime=jpg	iPhone 16 Pro	1299.99	15	1	0
7	Desert Titanium	The iPhone 16 Pro smartphone is equipped with super capable Apple Intelligence, pro-grade triple camera array and incredibly powerful A18 Pro processor. Large battery and multiple charging options guarantee a long-lasting experience.	https://opencdn.vn/img/92ed528af275ba880c63aebf57371270b89f3eec625ff10e824d63c43ceac8aeffb721c464ab8c6352c818ad9a1a7a4c47c3c30ef84da4b266a9a6f40a601db27618ef5f067014a696bd1deb4cbc9432e7e645de5b581af92f868ffd35fb43f5355db7624eae8536419813f1469765a7582cece81d9b20870caabc076561983af5c404d9df95a2f8.jpg?mime=jpg	iPhone 16 Pro	1299.99	10	1	0
8	White Titanium	The iPhone 16 Pro smartphone is equipped with super capable Apple Intelligence, pro-grade triple camera array and incredibly powerful A18 Pro processor. Large battery and multiple charging options guarantee a long-lasting experience.	https://opencdn.vn/img/92ed528af275ba880c63aebf57371270b89f3eec625ff10e824d63c43ceac8aeffb721c464ab8c6352c818ad9a1a7a4c15d3924c6fdec5a08a82b8719578752d7618ef5f067014a696bd1deb4cbc9432e7e645de5b581af92f868ffd35fb43f50ae6c314c32b690ac1e8610f72ab565cfd163cfe8169c55b8aec2d0721ca226abafd2fe13325b15a.jpg?mime=jpg	iPhone 16 Pro	1299.99	25	1	0
9	Midnight	iPhone 14 smartphone is equipped with an amazing dual 12 Mpx camera setup with Photonic Engine, powerful A15 Bionic processor and 5G data connection. The large battery lasts longer and has both wired and MagSafe wireless charging.	https://opencdn.vn/img/92ed528af275ba880c63aebf57371270b89f3eec625ff10e824d63c43ceac8aeffb721c464ab8c632e415f1ea9e0be8309e94e2aca0c1c4379ffb424e8b24230eb54fe426248335c18b29ac2193edc4aba090be58e8ce069725c3859eacdb5e0f035fa0fcdf1227b83f66b713dfa1c73ebc8dbc615ecdbd27f67ac7e785713c2.jpg?mime=jpg	iPhone 14	899.99	73	1	0
10	Purple	iPhone 14 smartphone is equipped with an amazing dual 12 Mpx camera setup with Photonic Engine, powerful A15 Bionic processor and 5G data connection. The large battery lasts longer and has both wired and MagSafe wireless charging.	https://opencdn.vn/img/92ed528af275ba880c63aebf57371270b89f3eec625ff10e824d63c43ceac8aeffb721c464ab8c632e415f1ea9e0be83d140078bcd63a30ef41918699ac69440eb54fe426248335c18b29ac2193edc4aba090be58e8ce0698050f86fb4885ac14311a3be644d478fd5623ab578e6257ca5a9646385a260e4.jpg?mime=jpg	iPhone 14	899.99	47	1	0
11	Blue	iPhone 14 smartphone is equipped with an amazing dual 12 Mpx camera setup with Photonic Engine, powerful A15 Bionic processor and 5G data connection. The large battery lasts longer and has both wired and MagSafe wireless charging.	https://opencdn.vn/img/92ed528af275ba880c63aebf57371270b89f3eec625ff10e824d63c43ceac8aeffb721c464ab8c632e415f1ea9e0be83c7471139b34b59547c06d88fb01efa9ceb54fe426248335c18b29ac2193edc4aba090be58e8ce0692c31a15f22a181c99f02278b46ae09690690b98563ea60a540c0b43243d64716.jpg?mime=jpg	iPhone 14	899.99	20	1	0
12	Red	iPhone 14 smartphone is equipped with an amazing dual 12 Mpx camera setup with Photonic Engine, powerful A15 Bionic processor and 5G data connection. The large battery lasts longer and has both wired and MagSafe wireless charging.	https://opencdn.vn/img/92ed528af275ba880c63aebf57371270b89f3eec625ff10e824d63c43ceac8aeffb721c464ab8c632e415f1ea9e0be83a1761879da64086097759f0bb7e97d97eb54fe426248335c18b29ac2193edc4aba090be58e8ce0697963979619927d217caf0abd80bfc42eb14f56fec0a148abaaf33f527412a2b38f9b25fcfb40fb99.jpg?mime=jpg	iPhone 14	899.99	60	1	0
13	Blue	The Samsung Galaxy Z Fold 6 5G smartphone is powered by Snapdragon 8 Gen 3 and offers the latest smartphone technology, a 7.6-inch dynamic AMOLED display and a state-of-the-art camera.	https://opencdn.vn/img/92ed528af275ba880c63aebf57371270b89f3eec625ff10e824d63c43ceac8aeffb721c464ab8c6352c818ad9a1a7a4c0936a1dba145e881d5f2d21bef60fa2a2d95c8c164155d0d4690059d0af8012c87cab3030a3a2cf0e7e645de5b581af92c4fb3ee6de314c3f48a50c2d3bd645916bf310e029be564aaf33f527412a2b38f9b25fcfb40fb99.jpg?mime=jpg	Samsung Galaxy Z Fold6	2799.99	30	1	0
14	Pink	The Samsung Galaxy Z Fold 6 5G smartphone is powered by Snapdragon 8 Gen 3 and offers the latest smartphone technology, a 7.6-inch dynamic AMOLED display and a state-of-the-art camera.	https://opencdn.vn/img/92ed528af275ba880c63aebf57371270b89f3eec625ff10e824d63c43ceac8aeffb721c464ab8c6352c818ad9a1a7a4cf77de6d1ea063927d7ab1e2eda9ffa762d95c8c164155d0d4690059d0af8012c87cab3030a3a2cf0e7e645de5b581af92c4fb3ee6de314c34be8a3c9d2155d81263912999b73ed3d1b077a35947db208bf3f8529fe7fb7b9.jpg?mime=jpg	Samsung Galaxy Z Fold6	2799.99	20	1	0
15	Silver	The Samsung Galaxy Z Fold 6 5G smartphone is powered by Snapdragon 8 Gen 3 and offers the latest smartphone technology, a 7.6-inch dynamic AMOLED display and a state-of-the-art camera.	https://opencdn.vn/img/92ed528af275ba880c63aebf57371270b89f3eec625ff10e824d63c43ceac8aeffb721c464ab8c6352c818ad9a1a7a4c296ff0d9a9d964798c490ad2451a58d456bc995d1426fcb6436a2d09043347d6f5aa1ed8e729baa67842b51a19ec874cb33403bd6fabe31c90701855d4753bf2582cece81d9b20870caabc076561983af5c404d9df95a2f8.jpg?mime=jpg	Samsung Galaxy Z Fold6	2799.99	50	1	0
16	Obsidian	The Google Pixel 9 Pro Fold 5G smartphone with Gemini delivers great technology in an attractive design. The large 8-inch internal screen is ideal for multitasking even when you are on the go, while the Google Tensor G4 ensures high performance.	https://opencdn.vn/img/92ed528af275ba880c63aebf57371270b89f3eec625ff10e824d63c43ceac8aeffb721c464ab8c6352c818ad9a1a7a4c5fa0757b1886ff43b3fc28a9be00f2b71a11cc8ce5f5cd0eff645f07fac9c7f059ef091e18523337bd103f9f69db520f7618ef5f067014a67b2211c170ba30fcb1962a1ad64c50c583f66b713dfa1c73ebc8dbc615ecdbd27f67ac7e785713c2.jpg?mime=jpg	Google Pixel 9 Pro Fold	2099.99	30	1	0
17	Porslin	The Google Pixel 9 Pro Fold 5G smartphone with Gemini delivers great technology in an attractive design. The large 8-inch internal screen is ideal for multitasking even when you are on the go, while the Google Tensor G4 ensures high performance.	https://opencdn.vn/img/92ed528af275ba880c63aebf57371270b89f3eec625ff10e824d63c43ceac8aeffb721c464ab8c637d9c9bb6fca2f300c7f60bb2437bb5a294a1209c49ced5b24b4474e3bb96035070bf00fd519616d259a02af84f3fc914e7e645de5b581af9b58e28d47879e21f580142e277959af22b8494e72d34cbb10690b98563ea60a540c0b43243d64716.jpg?mime=jpg	Google Pixel 9 Pro Fold	2099.99	30	1	0
18	Gray	The Samsung Galaxy S24 Ultra 5G is an elegant, modern and extremely powerful smartphone with a large 6.8-inch Dynamic AMOLED 2x screen with a 120 Hz refresh rate, four cameras, powerful processor and a 5000 mAh battery with a long life.	https://opencdn.vn/img/92ed528af275ba880c63aebf57371270b89f3eec625ff10e824d63c43ceac8aeffb721c464ab8c632e415f1ea9e0be834c99fd1061cf815bc902026c6f396f76380e5fe2696e2a8a6fbd1b3724f92d6b4f7b526657aadb554331982b1f090b580d22796371b1b00baf333ba8cf42ca213043c49f063ee45a405844f30748c5750690b98563ea60a540c0b43243d64716.jpg?mime=jpg	Samsung Galaxy S24 Ultra	1999.99	30	1	0
19	Black	The Samsung Galaxy S24 Ultra 5G is an elegant, modern and extremely powerful smartphone with a large 6.8-inch Dynamic AMOLED 2x screen with a 120 Hz refresh rate, four cameras, powerful processor and a 5000 mAh battery with a long life.	https://opencdn.vn/img/92ed528af275ba880c63aebf57371270b89f3eec625ff10e824d63c43ceac8aeffb721c464ab8c632e415f1ea9e0be837280f2ae20b6ce145134b4fe456fff5a380e5fe2696e2a8a6fbd1b3724f92d6b4f7b526657aadb554331982b1f090b580d22796371b1b00baf333ba8cf42ca21efd468675f407211bab5ea83642c6a587b60bfdf82aa98443a4a2547b5dd54fd.jpg?mime=jpg	Samsung Galaxy S24 Ultra	1999.99	30	1	0
20	Yellow	The Samsung Galaxy S24 Ultra 5G is an elegant, modern and extremely powerful smartphone with a large 6.8-inch Dynamic AMOLED 2x screen with a 120 Hz refresh rate, four cameras, powerful processor and a 5000 mAh battery with a long life.	https://opencdn.vn/img/92ed528af275ba880c63aebf57371270b89f3eec625ff10e824d63c43ceac8aeffb721c464ab8c632e415f1ea9e0be83f095a0d39cc9e33e69a397d59764f093380e5fe2696e2a8a6fbd1b3724f92d6b4f7b526657aadb554331982b1f090b580d22796371b1b00ba28c067ee7796f3bc1e8610f72ab565c62b4a5f390fc073783f66b713dfa1c73ebc8dbc615ecdbd27f67ac7e785713c2.jpg?mime=jpg	Samsung Galaxy S24 Ultra	1999.99	30	1	0
21	Purple	The Samsung Galaxy S24 Ultra 5G is an elegant, modern and extremely powerful smartphone with a large 6.8-inch Dynamic AMOLED 2x screen with a 120 Hz refresh rate, four cameras, powerful processor and a 5000 mAh battery with a long life.	https://opencdn.vn/img/92ed528af275ba880c63aebf57371270b89f3eec625ff10e824d63c43ceac8aeffb721c464ab8c632e415f1ea9e0be8366d625596b85741d3d941d15945ca013380e5fe2696e2a8a6fbd1b3724f92d6b4f7b526657aadb554331982b1f090b580d22796371b1b00ba28c067ee7796f3bc1e8610f72ab565c1a0009e04689369883f66b713dfa1c73ebc8dbc615ecdbd27f67ac7e785713c2.jpg?mime=jpg	Samsung Galaxy S24 Ultra	1999.99	30	1	0
22	Black	JBL Tune 720BT wireless around ear headphones deliver great sound with pumped up bass thanks to JBL Pure Bass Sound. Keep the music going with up to 76 hours of playtime and use the JBL Headphones app to manage the sound.	https://opencdn.vn/img/92ed528af275ba880c63aebf57371270b89f3eec625ff10e824d63c43ceac8aeffb721c464ab8c632e415f1ea9e0be833157ba2a70ee139ed9f62bd9e8259cdffead2fb920367cc1f9bbf04f5361f3ecfca9e4f4b8599818cbccbb913bf214c49f6c174239db9ea8bbaa02ab1d4c99b11673c1a525ddf9430690b98563ea60a540c0b43243d64716.jpg?mime=jpg	JBL Tune 720BT	79.99	45	2	0
23	White	JBL Tune 720BT wireless around ear headphones deliver great sound with pumped up bass thanks to JBL Pure Bass Sound. Keep the music going with up to 76 hours of playtime and use the JBL Headphones app to manage the sound.	https://opencdn.vn/img/92ed528af275ba880c63aebf57371270b89f3eec625ff10e824d63c43ceac8aeffb721c464ab8c632e415f1ea9e0be830223a72c5a54bebd5e2f8de71133fea1fead2fb920367cc1f9bbf04f5361f3ecfca9e4f4b8599818cbccbb913bf214c49f6c174239db9ea8ad4da5c6c6f8f5c1582cece81d9b20870caabc076561983af5c404d9df95a2f8.jpg?mime=jpg	JBL Tune 720BT	79.99	56	2	0
24	Blue	JBL Tune 720BT wireless around ear headphones deliver great sound with pumped up bass thanks to JBL Pure Bass Sound. Keep the music going with up to 76 hours of playtime and use the JBL Headphones app to manage the sound.	https://opencdn.vn/img/92ed528af275ba880c63aebf57371270b89f3eec625ff10e824d63c43ceac8aeffb721c464ab8c632e415f1ea9e0be8339e3ca4dfdf74bb48f057ff1bb91bbc9fead2fb920367cc1f9bbf04f5361f3ecfca9e4f4b8599818cbccbb913bf214c49f6c174239db9ea814fcaac5666dca68fd163cfe8169c55b8aec2d0721ca226abafd2fe13325b15a.jpg?mime=jpg	JBL Tune 720BT	79.99	70	2	0
25	Purple	JBL Tune 720BT wireless around ear headphones deliver great sound with pumped up bass thanks to JBL Pure Bass Sound. Keep the music going with up to 76 hours of playtime and use the JBL Headphones app to manage the sound.	https://opencdn.vn/img/92ed528af275ba880c63aebf57371270b89f3eec625ff10e824d63c43ceac8aeffb721c464ab8c632e415f1ea9e0be83c6216e693982c51264d45c0b5758433ffead2fb920367cc1f9bbf04f5361f3ecfca9e4f4b8599818cbccbb913bf214c49f6c174239db9ea870464b4911a37ca1582cece81d9b20870caabc076561983af5c404d9df95a2f8.jpg?mime=jpg	JBL Tune 720BT	79.99	67	2	0
26	Black	Featuring a fully custom acoustic platform. Personalized spatial audio with dynamic head tracking. Fully adaptive Active Noise Cancelling. Transparency mode. Lossless audio. Up to 40 hours of battery life and enhanced Apple and Android compatibility.	https://opencdn.vn/img/92ed528af275ba8832cc16d36b71bf3234b8b598778233848ae6fe464f99e60e9e01a196a024989606aa2db05212c0da12ab9cbd0c883ff2e721bbec4dc606692df3d0b577ddadbcc8e7c165110f186e18bb0878c262ca7eb813331c4636c0c9eac663cdc1303244a333ae65cf6cd983d691ff8532ada43e20f6dd29526ae01ffd84ea6dd39c406cdd0229dd4311537ab1ad506835592e1d7f67ac7e785713c2.jpg?mime=jpg	Beats Studio Pro	209.99	60	2	0
27	Sandstone	Featuring a fully custom acoustic platform. Personalized spatial audio with dynamic head tracking. Fully adaptive Active Noise Cancelling. Transparency mode. Lossless audio. Up to 40 hours of battery life and enhanced Apple and Android compatibility.	https://opencdn.vn/img/92ed528af275ba8832cc16d36b71bf3234b8b598778233848ae6fe464f99e60e9e01a196a024989606aa2db05212c0da12ab9cbd0c883ff2e721bbec4dc606692df3d0b577ddadbcc8e7c165110f186e18bb0878c262ca7eb813331c4636c0c9eac663cdc13032448b619677f2d58300f74d9a15560b43593405af1c9f39707f801fd79be9c5b874fd84ea6dd39c406cdd0229dd4311537ab1ad506835592e1d7f67ac7e785713c2.jpg?mime=jpg	Beats Studio Pro	209.99	50	2	0
35	Starlight	MacBook Air comes with the powerful M2 chip, which delivers unmatched performance in a small, compact body. The Liquid Retina display offers breathtaking visuals, while the long-lasting battery allows up to 18 hours of video streaming.	https://opencdn.vn/img/92ed528af275ba880c63aebf57371270b89f3eec625ff10e824d63c43ceac8aeffb721c464ab8c632e415f1ea9e0be83645c89d431253a13184e8d6c3e05f8cdb8c7daf4c2e6cceca02b436b49dcd850f9eb3165cae4f6925e81762ff53f7a8019c1a118f1ca9d9dd5623ab578e6257ca5a9646385a260e4.jpg?mime=jpg	MacBook Air	1409.99	20	3	0
28	Deep Brown	Featuring a fully custom acoustic platform. Personalized spatial audio with dynamic head tracking. Fully adaptive Active Noise Cancelling. Transparency mode. Lossless audio. Up to 40 hours of battery life and enhanced Apple and Android compatibility.	https://opencdn.vn/img/92ed528af275ba8832cc16d36b71bf3234b8b598778233848ae6fe464f99e60e9e01a196a024989606aa2db05212c0da12ab9cbd0c883ff2e721bbec4dc606692df3d0b577ddadbcc8e7c165110f186e18bb0878c262ca7eb813331c4636c0c9eac663cdc1303244416d960418d22cfd7274cd7d3df64ad71663d0248148ab7374b5482386ccf7032e7bc9bd1aa41dcbed7ecb241e6a4fb02841fbbf3a396309.jpg?mime=jpg	Beats Studio Pro	209.99	60	2	0
29	Navy	Featuring a fully custom acoustic platform. Personalized spatial audio with dynamic head tracking. Fully adaptive Active Noise Cancelling. Transparency mode. Lossless audio. Up to 40 hours of battery life and enhanced Apple and Android compatibility.	https://opencdn.vn/img/92ed528af275ba8832cc16d36b71bf3234b8b598778233848ae6fe464f99e60e9e01a196a024989606aa2db05212c0da12ab9cbd0c883ff2e721bbec4dc606692df3d0b577ddadbcc8e7c165110f186e18bb0878c262ca7eb813331c4636c0c9eac663cdc1303244cd6ce6bc100b50d185c7532fe0eb1e76cd02d55c90df07ead16fe4e667e3e34b1cc5c0c3a2e97e11681be533064b5837.jpg?mime=jpg	Beats Studio Pro	209.99	50	2	0
30	Midnight	AirPods Max deliver impressively detailed, high-resolution sound that makes the experience unbeatable. Every part of the custom-built speaker element works to deliver extremely low-distortion sound across the entire audible register – so you will hear every note with a whole new sense of clarity.	https://opencdn.vn/img/92ed528af275ba880cdde785e7c3bf90265ea6b270891737c04e00837da278d390955e739b9b9b473be2386298e95f7e225d2080ae01cdb45541d51873e0f7d0fafbc8a2a3f6fd23298c8a99fe8f4ca44e70432eb92032148f0212145af015e5036501a8394e12d15df0ccbf11132a14994a2e2560437d4ef5c404d9df95a2f8.jpg?mime=jpg	AirPods Max	609.99	69	2	0
31	Starlight	AirPods Max deliver impressively detailed, high-resolution sound that makes the experience unbeatable. Every part of the custom-built speaker element works to deliver extremely low-distortion sound across the entire audible register – so you will hear every note with a whole new sense of clarity.	https://opencdn.vn/img/92ed528af275ba880cdde785e7c3bf90265ea6b270891737c04e00837da278d390955e739b9b9b473be2386298e95f7e225d2080ae01cdb4c2fadaebe3c9dd732cdde3ffdb09c715cb133c4697dee9bdee819b7080f7f50e203822270f6b53e83262206f0d55e2bf3434d61127e36a76a2e78224a46638932e3afce59acd32e4.jpg?mime=jpg	AirPods Max	609.99	59	2	0
32	Blue	AirPods Max deliver impressively detailed, high-resolution sound that makes the experience unbeatable. Every part of the custom-built speaker element works to deliver extremely low-distortion sound across the entire audible register – so you will hear every note with a whole new sense of clarity.	https://opencdn.vn/img/92ed528af275ba880cdde785e7c3bf90265ea6b270891737c04e00837da278d390955e739b9b9b473be2386298e95f7e225d2080ae01cdb4702d9d4c8c0f077c47afac704e5224c3600793a3ec3cd8577a8fa51f5e7276aff061f6e1a7c3a7699d59cac97a743c2e994a2e2560437d4ef5c404d9df95a2f8.jpg?mime=jpg	AirPods Max	609.99	60	2	0
33	Purple	AirPods Max deliver impressively detailed, high-resolution sound that makes the experience unbeatable. Every part of the custom-built speaker element works to deliver extremely low-distortion sound across the entire audible register – so you will hear every note with a whole new sense of clarity.	https://opencdn.vn/img/92ed528af275ba880cdde785e7c3bf90265ea6b270891737c04e00837da278d390955e739b9b9b473be2386298e95f7e225d2080ae01cdb4e59a02530370e4a82a6a8bf55a32610bf69edb03aa6d8f23ac1bbfa272a6db576c10fe827e5f2e8031d3824449be2e1db7735bc823f70e4475a4b4fb4d0d0f36.jpg?mime=jpg	AirPods Max	609.99	35	2	0
34	Midnight	MacBook Air comes with the powerful M2 chip, which delivers unmatched performance in a small, compact body. The Liquid Retina display offers breathtaking visuals, while the long-lasting battery allows up to 18 hours of video streaming.	https://opencdn.vn/img/92ed528af275ba880c63aebf57371270b89f3eec625ff10e824d63c43ceac8aeffb721c464ab8c637d9c9bb6fca2f300a3015cd35c01d49d4dd71975a4b24c11acd4b6282523cd175c3c613647e25fff799eda83f2f6341272ea23110a66982c91426a41c7947c1caaf33f527412a2b38f9b25fcfb40fb99.jpg?mime=jpg	MacBook Air	1409.99	50	3	0
36	Silver	MacBook Air comes with the powerful M2 chip, which delivers unmatched performance in a small, compact body. The Liquid Retina display offers breathtaking visuals, while the long-lasting battery allows up to 18 hours of video streaming.	https://opencdn.vn/img/92ed528af275ba880c63aebf57371270b89f3eec625ff10e824d63c43ceac8aeffb721c464ab8c632e415f1ea9e0be8396940adda394d135c0d53af6c9648a7bb8c7daf4c2e6cceca02b436b49dcd850f9eb3165cae4f69251d56629cc0ed263ee11c74f5a078ae8aaf33f527412a2b38f9b25fcfb40fb99.jpg?mime=jpg	MacBook Air	1409.99	30	3	0
37	Blue	iMac 24" features a heavy-duty M3 processor with 8-core CPU and 8-core GPU, bringing new levels of performance and efficiency with a thickness of just 11.5mm. Enjoy stunning graphics with the 24" 4.5K The Retina display and the 1080p FaceTime HD camera.	https://opencdn.vn/img/92ed528af275ba880c63aebf57371270b89f3eec625ff10e824d63c43ceac8aeffb721c464ab8c632e415f1ea9e0be83265b7e90a23c28b6ecb283465632d6a8131930baab29e886296d87047078991c49d2f816018a4dcf8b33da92b9f3cb81dd88e1fae5a56dcf.jpg?mime=jpg	iMac	1809.99	50	3	0
38	Green	iMac 24" features a heavy-duty M3 processor with 8-core CPU and 8-core GPU, bringing new levels of performance and efficiency with a thickness of just 11.5mm. Enjoy stunning graphics with the 24" 4.5K The Retina display and the 1080p FaceTime HD camera.	https://opencdn.vn/img/92ed528af275ba880c63aebf57371270b89f3eec625ff10e824d63c43ceac8aeffb721c464ab8c632e415f1ea9e0be835488fca70db406a9bb6c293354f7a3ba131930baab29e886296d87047078991cd6613377ce5d7e8e263912999b73ed3d7beb4d8e7d439ea5.jpg?mime=jpg	iMac	1809.99	70	3	0
39	Pink	iMac 24" features a heavy-duty M3 processor with 8-core CPU and 8-core GPU, bringing new levels of performance and efficiency with a thickness of just 11.5mm. Enjoy stunning graphics with the 24" 4.5K The Retina display and the 1080p FaceTime HD camera.	https://opencdn.vn/img/92ed528af275ba880c63aebf57371270b89f3eec625ff10e824d63c43ceac8aeffb721c464ab8c632e415f1ea9e0be83ab2512e6b0f01307d2bcb32693c1596c131930baab29e886296d87047078991c4be8a3c9d2155d81263912999b73ed3d7beb4d8e7d439ea5.jpg?mime=jpg	iMac	1809.99	70	3	0
40	Silver	iMac 24" features a heavy-duty M3 processor with 8-core CPU and 8-core GPU, bringing new levels of performance and efficiency with a thickness of just 11.5mm. Enjoy stunning graphics with the 24" 4.5K The Retina display and the 1080p FaceTime HD camera.	https://opencdn.vn/img/92ed528af275ba880c63aebf57371270b89f3eec625ff10e824d63c43ceac8aeffb721c464ab8c632e415f1ea9e0be83b7a763f6b0651a31efc4425d14da13bf131930baab29e886296d87047078991cec7e1d5b6d78dfd4fd163cfe8169c55bf074f85ab68ff4a77f67ac7e785713c2.jpg?mime=jpg	iMac	1809.99	48	3	0
\.


--
-- Data for Name: rewards; Type: TABLE DATA; Schema: public; Owner: janaina
--

COPY public.rewards (id, discount_percentage, points_required) FROM stdin;
\.


--
-- Data for Name: roles; Type: TABLE DATA; Schema: public; Owner: janaina
--

COPY public.roles (id, name) FROM stdin;
1	ROLE_USER
2	ROLE_ADMIN
3	ROLE_GUEST
\.


--
-- Data for Name: users; Type: TABLE DATA; Schema: public; Owner: janaina
--

COPY public.users (id, email, first_name, is_account_non_expired, is_account_non_locked, is_credentials_non_expired, is_enabled, last_name, password, phone_no, username, role_id) FROM stdin;
1402	testUser@mail.com	\N	t	t	t	t	\N	$2a$15$ecxz9PyA95ctAOBHp.lvXOrFDi8P39jIJRxhbjtusD6fQsskdOMSC	\N	user1	1
1403	user@mail.com	\N	t	t	t	t	\N	$2a$15$YA8y5M3vb9jcB21Z6Ud9p.N2c9a47dpcoFkthiappnfqr14JrOUSW	\N	user	1
1404	admin@mail.com	\N	t	t	t	t	\N	$2a$15$qiRSMETmxm11g57vEljPgudU2HYTlRHkcazt9X8Tb21yRyoHO9O0y	\N	admin	2
\.


--
-- Data for Name: wishlist; Type: TABLE DATA; Schema: public; Owner: janaina
--

COPY public.wishlist (id, user_id) FROM stdin;
1	1403
\.


--
-- Data for Name: wishlist_item; Type: TABLE DATA; Schema: public; Owner: janaina
--

COPY public.wishlist_item (id, product_id, wishlist_id) FROM stdin;
\.


--
-- Name: cart_id_seq; Type: SEQUENCE SET; Schema: public; Owner: janaina
--

SELECT pg_catalog.setval('public.cart_id_seq', 1, false);


--
-- Name: cart_item_id_seq; Type: SEQUENCE SET; Schema: public; Owner: janaina
--

SELECT pg_catalog.setval('public.cart_item_id_seq', 1, false);


--
-- Name: categories_id_seq; Type: SEQUENCE SET; Schema: public; Owner: janaina
--

SELECT pg_catalog.setval('public.categories_id_seq', 6, true);


--
-- Name: order_items_id_seq; Type: SEQUENCE SET; Schema: public; Owner: janaina
--

SELECT pg_catalog.setval('public.order_items_id_seq', 1, false);


--
-- Name: orders_id_seq; Type: SEQUENCE SET; Schema: public; Owner: janaina
--

SELECT pg_catalog.setval('public.orders_id_seq', 1, false);


--
-- Name: products_id_seq; Type: SEQUENCE SET; Schema: public; Owner: janaina
--

SELECT pg_catalog.setval('public.products_id_seq', 48, true);


--
-- Name: rewards_id_seq; Type: SEQUENCE SET; Schema: public; Owner: janaina
--

SELECT pg_catalog.setval('public.rewards_id_seq', 1, false);


--
-- Name: roles_id_seq; Type: SEQUENCE SET; Schema: public; Owner: janaina
--

SELECT pg_catalog.setval('public.roles_id_seq', 4, true);


--
-- Name: users_seq; Type: SEQUENCE SET; Schema: public; Owner: janaina
--

SELECT pg_catalog.setval('public.users_seq', 1451, true);


--
-- Name: wishlist_id_seq; Type: SEQUENCE SET; Schema: public; Owner: janaina
--

SELECT pg_catalog.setval('public.wishlist_id_seq', 1, true);


--
-- Name: wishlist_item_id_seq; Type: SEQUENCE SET; Schema: public; Owner: janaina
--

SELECT pg_catalog.setval('public.wishlist_item_id_seq', 2, true);


--
-- Name: cart_item cart_item_pkey; Type: CONSTRAINT; Schema: public; Owner: janaina
--

ALTER TABLE ONLY public.cart_item
    ADD CONSTRAINT cart_item_pkey PRIMARY KEY (id);


--
-- Name: cart cart_pkey; Type: CONSTRAINT; Schema: public; Owner: janaina
--

ALTER TABLE ONLY public.cart
    ADD CONSTRAINT cart_pkey PRIMARY KEY (id);


--
-- Name: categories categories_pkey; Type: CONSTRAINT; Schema: public; Owner: janaina
--

ALTER TABLE ONLY public.categories
    ADD CONSTRAINT categories_pkey PRIMARY KEY (id);


--
-- Name: order_items order_items_pkey; Type: CONSTRAINT; Schema: public; Owner: janaina
--

ALTER TABLE ONLY public.order_items
    ADD CONSTRAINT order_items_pkey PRIMARY KEY (id);


--
-- Name: orders orders_pkey; Type: CONSTRAINT; Schema: public; Owner: janaina
--

ALTER TABLE ONLY public.orders
    ADD CONSTRAINT orders_pkey PRIMARY KEY (id);


--
-- Name: products products_pkey; Type: CONSTRAINT; Schema: public; Owner: janaina
--

ALTER TABLE ONLY public.products
    ADD CONSTRAINT products_pkey PRIMARY KEY (id);


--
-- Name: rewards rewards_pkey; Type: CONSTRAINT; Schema: public; Owner: janaina
--

ALTER TABLE ONLY public.rewards
    ADD CONSTRAINT rewards_pkey PRIMARY KEY (id);


--
-- Name: roles roles_pkey; Type: CONSTRAINT; Schema: public; Owner: janaina
--

ALTER TABLE ONLY public.roles
    ADD CONSTRAINT roles_pkey PRIMARY KEY (id);


--
-- Name: users uk6dotkott2kjsp8vw4d0m25fb7; Type: CONSTRAINT; Schema: public; Owner: janaina
--

ALTER TABLE ONLY public.users
    ADD CONSTRAINT uk6dotkott2kjsp8vw4d0m25fb7 UNIQUE (email);


--
-- Name: cart uk9emlp6m95v5er2bcqkjsw48he; Type: CONSTRAINT; Schema: public; Owner: janaina
--

ALTER TABLE ONLY public.cart
    ADD CONSTRAINT uk9emlp6m95v5er2bcqkjsw48he UNIQUE (user_id);


--
-- Name: users ukr43af9ap4edm43mmtq01oddj6; Type: CONSTRAINT; Schema: public; Owner: janaina
--

ALTER TABLE ONLY public.users
    ADD CONSTRAINT ukr43af9ap4edm43mmtq01oddj6 UNIQUE (username);


--
-- Name: wishlist ukrcuy9aqx9c6q56x1xdoty8r3q; Type: CONSTRAINT; Schema: public; Owner: janaina
--

ALTER TABLE ONLY public.wishlist
    ADD CONSTRAINT ukrcuy9aqx9c6q56x1xdoty8r3q UNIQUE (user_id);


--
-- Name: users users_pkey; Type: CONSTRAINT; Schema: public; Owner: janaina
--

ALTER TABLE ONLY public.users
    ADD CONSTRAINT users_pkey PRIMARY KEY (id);


--
-- Name: wishlist_item wishlist_item_pkey; Type: CONSTRAINT; Schema: public; Owner: janaina
--

ALTER TABLE ONLY public.wishlist_item
    ADD CONSTRAINT wishlist_item_pkey PRIMARY KEY (id);


--
-- Name: wishlist wishlist_pkey; Type: CONSTRAINT; Schema: public; Owner: janaina
--

ALTER TABLE ONLY public.wishlist
    ADD CONSTRAINT wishlist_pkey PRIMARY KEY (id);


--
-- Name: cart_item fk1uobyhgl1wvgt1jpccia8xxs3; Type: FK CONSTRAINT; Schema: public; Owner: janaina
--

ALTER TABLE ONLY public.cart_item
    ADD CONSTRAINT fk1uobyhgl1wvgt1jpccia8xxs3 FOREIGN KEY (cart_id) REFERENCES public.cart(id);


--
-- Name: orders fk32ql8ubntj5uh44ph9659tiih; Type: FK CONSTRAINT; Schema: public; Owner: janaina
--

ALTER TABLE ONLY public.orders
    ADD CONSTRAINT fk32ql8ubntj5uh44ph9659tiih FOREIGN KEY (user_id) REFERENCES public.users(id);


--
-- Name: wishlist_item fk4evrb2m6vjp2xuxx4pboilb7; Type: FK CONSTRAINT; Schema: public; Owner: janaina
--

ALTER TABLE ONLY public.wishlist_item
    ADD CONSTRAINT fk4evrb2m6vjp2xuxx4pboilb7 FOREIGN KEY (product_id) REFERENCES public.products(id);


--
-- Name: wishlist_item fk5iw5sajivrxnt4qjxqlgo8yb1; Type: FK CONSTRAINT; Schema: public; Owner: janaina
--

ALTER TABLE ONLY public.wishlist_item
    ADD CONSTRAINT fk5iw5sajivrxnt4qjxqlgo8yb1 FOREIGN KEY (wishlist_id) REFERENCES public.wishlist(id);


--
-- Name: order_items fkbioxgbv59vetrxe0ejfubep1w; Type: FK CONSTRAINT; Schema: public; Owner: janaina
--

ALTER TABLE ONLY public.order_items
    ADD CONSTRAINT fkbioxgbv59vetrxe0ejfubep1w FOREIGN KEY (order_id) REFERENCES public.orders(id);


--
-- Name: cart fkg5uhi8vpsuy0lgloxk2h4w5o6; Type: FK CONSTRAINT; Schema: public; Owner: janaina
--

ALTER TABLE ONLY public.cart
    ADD CONSTRAINT fkg5uhi8vpsuy0lgloxk2h4w5o6 FOREIGN KEY (user_id) REFERENCES public.users(id);


--
-- Name: order_items fkocimc7dtr037rh4ls4l95nlfi; Type: FK CONSTRAINT; Schema: public; Owner: janaina
--

ALTER TABLE ONLY public.order_items
    ADD CONSTRAINT fkocimc7dtr037rh4ls4l95nlfi FOREIGN KEY (product_id) REFERENCES public.products(id);


--
-- Name: products fkog2rp4qthbtt2lfyhfo32lsw9; Type: FK CONSTRAINT; Schema: public; Owner: janaina
--

ALTER TABLE ONLY public.products
    ADD CONSTRAINT fkog2rp4qthbtt2lfyhfo32lsw9 FOREIGN KEY (category_id) REFERENCES public.categories(id);


--
-- Name: users fkp56c1712k691lhsyewcssf40f; Type: FK CONSTRAINT; Schema: public; Owner: janaina
--

ALTER TABLE ONLY public.users
    ADD CONSTRAINT fkp56c1712k691lhsyewcssf40f FOREIGN KEY (role_id) REFERENCES public.roles(id);


--
-- Name: cart_item fkqkqmvkmbtiaqn2nfqf25ymfs2; Type: FK CONSTRAINT; Schema: public; Owner: janaina
--

ALTER TABLE ONLY public.cart_item
    ADD CONSTRAINT fkqkqmvkmbtiaqn2nfqf25ymfs2 FOREIGN KEY (product_id) REFERENCES public.products(id);


--
-- Name: wishlist fktrd6335blsefl2gxpb8lr0gr7; Type: FK CONSTRAINT; Schema: public; Owner: janaina
--

ALTER TABLE ONLY public.wishlist
    ADD CONSTRAINT fktrd6335blsefl2gxpb8lr0gr7 FOREIGN KEY (user_id) REFERENCES public.users(id);


--
-- PostgreSQL database dump complete
--

